{"cameraMode":{"drawMode":0,"name":"Shaded","section":"Shading Mode"},"sceneLighting":false,"audioPlay":false,"sceneViewState":{"showFog":false,"showMaterialUpdate":false,"showSkybox":false,"showFlares":true,"showImageEffects":true,"showParticleSystems":true},"in2DMode":false,"pivot":{"x":2.909647226333618,"y":2.3822522163391115,"z":-0.45943397283554079},"rotation":{"x":0.0018636267632246018,"y":0.997398853302002,"z":-0.03985537588596344,"w":0.06292643398046494},"size":7.543907165527344,"orthographic":false}