{"cameraMode":{"drawMode":0,"name":"Shaded","section":"Shading Mode"},"sceneLighting":true,"audioPlay":false,"sceneViewState":{"showFog":false,"showMaterialUpdate":false,"showSkybox":true,"showFlares":true,"showImageEffects":true,"showParticleSystems":true},"in2DMode":false,"pivot":{"x":52.47752380371094,"y":-215.7310791015625,"z":-452.39813232421877},"rotation":{"x":-0.001784363528713584,"y":0.973434567451477,"z":-0.22895140945911408,"w":-0.007610898464918137},"size":636.282470703125,"orthographic":false}