{"cameraMode":{"drawMode":0,"name":"Shaded","section":"Shading Mode"},"sceneLighting":true,"audioPlay":false,"sceneViewState":{"showFog":false,"showMaterialUpdate":false,"showSkybox":true,"showFlares":true,"showImageEffects":true,"showParticleSystems":true},"in2DMode":false,"pivot":{"x":66.66786193847656,"y":-6.631331443786621,"z":-71.64405059814453},"rotation":{"x":-0.03603777661919594,"y":-0.8975092768669128,"z":0.07713793218135834,"w":-0.4332502484321594},"size":97.95831298828125,"orthographic":false}