{"cameraMode":{"drawMode":0,"name":"Shaded","section":"Shading Mode"},"sceneLighting":true,"audioPlay":false,"sceneViewState":{"showFog":true,"showMaterialUpdate":false,"showSkybox":true,"showFlares":true,"showImageEffects":true,"showParticleSystems":true},"in2DMode":false,"pivot":{"x":-3.144481897354126,"y":1.5292448997497559,"z":-3.3780789375305177},"rotation":{"x":0.12866702675819398,"y":-0.6853523254394531,"z":0.12492702901363373,"w":0.7058138847351074},"size":6.510039329528809,"orthographic":false}