{"cameraMode":{"drawMode":0,"name":"Shaded","section":"Shading Mode"},"sceneLighting":false,"audioPlay":false,"sceneViewState":{"showFog":false,"showMaterialUpdate":false,"showSkybox":false,"showFlares":true,"showImageEffects":true,"showParticleSystems":true},"in2DMode":false,"pivot":{"x":1.111772060394287,"y":0.02165311574935913,"z":-0.05167631059885025},"rotation":{"x":0.046201303601264957,"y":-0.5805495977401733,"z":0.03231232613325119,"w":0.8124821782112122},"size":3.479665517807007,"orthographic":false}