{"cameraMode":{"drawMode":0,"name":"Shaded","section":"Shading Mode"},"sceneLighting":true,"audioPlay":false,"sceneViewState":{"showFog":false,"showMaterialUpdate":false,"showSkybox":true,"showFlares":true,"showImageEffects":true,"showParticleSystems":true},"in2DMode":false,"pivot":{"x":71.57749938964844,"y":29.792373657226564,"z":31.0054988861084},"rotation":{"x":-0.022290661931037904,"y":0.9596885442733765,"z":-0.2687060832977295,"w":-0.07966376096010208},"size":21.06706428527832,"orthographic":false}