{"cameraMode":{"drawMode":0,"name":"Shaded","section":"Shading Mode"},"sceneLighting":true,"audioPlay":false,"sceneViewState":{"showFog":false,"showMaterialUpdate":false,"showSkybox":true,"showFlares":true,"showImageEffects":true,"showParticleSystems":true},"in2DMode":false,"pivot":{"x":0.12555766105651856,"y":22.78504753112793,"z":-28.389535903930665},"rotation":{"x":-0.022852823138237,"y":0.9223163723945618,"z":0.3820272386074066,"w":0.055160216987133029},"size":25.373403549194337,"orthographic":false}