{"cameraMode":{"drawMode":0,"name":"Shaded","section":"Shading Mode"},"sceneLighting":false,"audioPlay":false,"sceneViewState":{"showFog":false,"showMaterialUpdate":false,"showSkybox":false,"showFlares":true,"showImageEffects":true,"showParticleSystems":true},"in2DMode":false,"pivot":{"x":6.659076690673828,"y":14.00339126586914,"z":21.994739532470704},"rotation":{"x":-0.2203749716281891,"y":-0.7743414640426636,"z":0.467661589384079,"w":-0.36492660641670229},"size":22.727828979492189,"orthographic":false}