{"cameraMode":{"drawMode":0,"name":"Shaded","section":"Shading Mode"},"sceneLighting":true,"audioPlay":false,"sceneViewState":{"showFog":false,"showMaterialUpdate":false,"showSkybox":true,"showFlares":true,"showImageEffects":true,"showParticleSystems":true},"in2DMode":false,"pivot":{"x":-22.541269302368165,"y":-16.392873764038087,"z":123.79557800292969},"rotation":{"x":0.09699495881795883,"y":-0.04903146252036095,"z":0.004009466152638197,"w":0.9941888451576233},"size":140.03631591796876,"orthographic":false}