{"cameraMode":{"drawMode":0,"name":"Shaded","section":"Shading Mode"},"sceneLighting":true,"audioPlay":false,"sceneViewState":{"showFog":false,"showMaterialUpdate":false,"showSkybox":true,"showFlares":true,"showImageEffects":true,"showParticleSystems":true},"in2DMode":false,"pivot":{"x":53.72904968261719,"y":21.952274322509767,"z":66.91360473632813},"rotation":{"x":-0.040546149015426639,"y":-0.8583714365959168,"z":0.06864695250988007,"w":-0.5068545341491699},"size":78.0181655883789,"orthographic":false}