{"cameraMode":{"drawMode":0,"name":"Shaded","section":"Shading Mode"},"sceneLighting":true,"audioPlay":false,"sceneViewState":{"showFog":false,"showMaterialUpdate":false,"showSkybox":true,"showFlares":true,"showImageEffects":true,"showParticleSystems":true},"in2DMode":false,"pivot":{"x":-31.15715980529785,"y":-13.658687591552735,"z":-141.3037567138672},"rotation":{"x":-0.010170964524149895,"y":0.9902788996696472,"z":-0.07849550247192383,"w":-0.11569465696811676},"size":140.03631591796876,"orthographic":false}