{"cameraMode":{"drawMode":0,"name":"Shaded","section":"Shading Mode"},"sceneLighting":false,"audioPlay":false,"sceneViewState":{"showFog":false,"showMaterialUpdate":false,"showSkybox":false,"showFlares":true,"showImageEffects":true,"showParticleSystems":true},"in2DMode":false,"pivot":{"x":22.238080978393556,"y":24.8123779296875,"z":31.480018615722658},"rotation":{"x":0.004766184836626053,"y":-0.9846134185791016,"z":-0.02414342388510704,"w":-0.17368914186954499},"size":10.01235294342041,"orthographic":false}