{"cameraMode":{"drawMode":0,"name":"Shaded","section":"Shading Mode"},"sceneLighting":false,"audioPlay":false,"sceneViewState":{"showFog":false,"showMaterialUpdate":false,"showSkybox":false,"showFlares":true,"showImageEffects":true,"showParticleSystems":true},"in2DMode":false,"pivot":{"x":2.2866005897521974,"y":2.315136671066284,"z":0.32521605491638186},"rotation":{"x":0.01448445301502943,"y":0.8590278625488281,"z":-0.0255903173238039,"w":0.5114304423332214},"size":7.543907165527344,"orthographic":false}