{"cameraMode":{"drawMode":0,"name":"Shaded","section":"Shading Mode"},"sceneLighting":false,"audioPlay":false,"sceneViewState":{"showFog":false,"showMaterialUpdate":false,"showSkybox":false,"showFlares":true,"showImageEffects":true,"showParticleSystems":true},"in2DMode":false,"pivot":{"x":2.9675207138061525,"y":0.42818117141723635,"z":-17.766754150390626},"rotation":{"x":-0.09494136273860932,"y":-0.7245768308639526,"z":0.10285057127475739,"w":-0.675157904624939},"size":8.703564643859864,"orthographic":false}