{"cameraMode":{"drawMode":0,"name":"Shaded","section":"Shading Mode"},"sceneLighting":true,"audioPlay":false,"sceneViewState":{"showFog":false,"showMaterialUpdate":false,"showSkybox":true,"showFlares":true,"showImageEffects":true,"showParticleSystems":true},"in2DMode":false,"pivot":{"x":3.4645495414733888,"y":3.847069025039673,"z":-24.587764739990236},"rotation":{"x":-0.04539184644818306,"y":-0.7952144145965576,"z":0.06000407412648201,"w":-0.601655125617981},"size":8.650797843933106,"orthographic":false}