{"cameraMode":{"drawMode":0,"name":"Shaded","section":"Shading Mode"},"sceneLighting":true,"audioPlay":false,"sceneViewState":{"showFog":false,"showMaterialUpdate":false,"showSkybox":true,"showFlares":true,"showImageEffects":true,"showParticleSystems":true},"in2DMode":false,"pivot":{"x":-4.833378314971924,"y":8.794620513916016,"z":-12.316546440124512},"rotation":{"x":0.1403772383928299,"y":0.710578441619873,"z":-0.1493787169456482,"w":0.6734471321105957},"size":8.208267211914063,"orthographic":false}