{"cameraMode":{"drawMode":0,"name":"Shaded","section":"Shading Mode"},"sceneLighting":true,"audioPlay":false,"sceneViewState":{"showFog":false,"showMaterialUpdate":false,"showSkybox":true,"showFlares":true,"showImageEffects":true,"showParticleSystems":true},"in2DMode":false,"pivot":{"x":22.997465133666993,"y":24.53904151916504,"z":49.22686004638672},"rotation":{"x":0.09872530400753021,"y":0.7433655858039856,"z":-0.1125977411866188,"w":0.6519650220870972},"size":2.142077684402466,"orthographic":false}