{"cameraMode":{"drawMode":0,"name":"Shaded","section":"Shading Mode"},"sceneLighting":true,"audioPlay":false,"sceneViewState":{"showFog":false,"showMaterialUpdate":false,"showSkybox":true,"showFlares":true,"showImageEffects":true,"showParticleSystems":true},"in2DMode":false,"pivot":{"x":32.86784362792969,"y":-14.866802215576172,"z":-17.826326370239259},"rotation":{"x":-0.10270813852548599,"y":-0.8064345717430115,"z":0.14701490104198457,"w":-0.5635084509849548},"size":53.990230560302737,"orthographic":false}