{"cameraMode":{"drawMode":0,"name":"Shaded","section":"Shading Mode"},"sceneLighting":true,"audioPlay":false,"sceneViewState":{"showFog":false,"showMaterialUpdate":false,"showSkybox":true,"showFlares":true,"showImageEffects":true,"showParticleSystems":true},"in2DMode":false,"pivot":{"x":3.8578991889953615,"y":2.9786927700042726,"z":-0.9648138284683228},"rotation":{"x":-0.03320080786943436,"y":-0.9222750067710877,"z":0.08289412409067154,"w":-0.376547634601593},"size":18.95146942138672,"orthographic":false}