{"cameraMode":{"drawMode":0,"name":"Shaded","section":"Shading Mode"},"sceneLighting":true,"audioPlay":false,"sceneViewState":{"showFog":false,"showMaterialUpdate":false,"showSkybox":true,"showFlares":true,"showImageEffects":true,"showParticleSystems":true},"in2DMode":false,"pivot":{"x":200.01876831054688,"y":101.640625,"z":10.55020523071289},"rotation":{"x":0.04886447265744209,"y":0.0239690151065588,"z":-0.0011729621328413487,"w":0.998516857624054},"size":829.645263671875,"orthographic":true}