{"cameraMode":{"drawMode":0,"name":"Shaded","section":"Shading Mode"},"sceneLighting":true,"audioPlay":false,"sceneViewState":{"showFog":false,"showMaterialUpdate":false,"showSkybox":true,"showFlares":true,"showImageEffects":true,"showParticleSystems":true},"in2DMode":false,"pivot":{"x":276.478271484375,"y":-43.02074432373047,"z":-172.67050170898438},"rotation":{"x":-0.0339336097240448,"y":-0.8657832145690918,"z":0.061436425894498828,"w":-0.49596765637397768},"size":337.2858581542969,"orthographic":false}