{"cameraMode":{"drawMode":0,"name":"Shaded","section":"Shading Mode"},"sceneLighting":true,"audioPlay":false,"sceneViewState":{"showFog":false,"showMaterialUpdate":false,"showSkybox":true,"showFlares":true,"showImageEffects":true,"showParticleSystems":true},"in2DMode":false,"pivot":{"x":42.37607192993164,"y":-242.92233276367188,"z":-438.6893310546875},"rotation":{"x":-0.001784363528713584,"y":0.973434567451477,"z":-0.22895140945911408,"w":-0.007610898464918137},"size":631.144287109375,"orthographic":false}