{"cameraMode":{"drawMode":0,"name":"Shaded","section":"Shading Mode"},"sceneLighting":true,"audioPlay":false,"sceneViewState":{"showFog":false,"showMaterialUpdate":false,"showSkybox":true,"showFlares":true,"showImageEffects":true,"showParticleSystems":true},"in2DMode":false,"pivot":{"x":-1.8070861101150513,"y":3.3129959106445314,"z":-17.531423568725587},"rotation":{"x":0.029576312750577928,"y":0.04102141410112381,"z":-0.00408890750259161,"w":0.998958945274353},"size":7.608323097229004,"orthographic":false}