{"cameraMode":{"drawMode":0,"name":"Shaded","section":"Shading Mode"},"sceneLighting":true,"audioPlay":false,"sceneViewState":{"showFog":false,"showMaterialUpdate":false,"showSkybox":true,"showFlares":true,"showImageEffects":true,"showParticleSystems":true},"in2DMode":false,"pivot":{"x":0.9758949875831604,"y":3.435199022293091,"z":-16.162628173828126},"rotation":{"x":0.04301869124174118,"y":0.31145527958869936,"z":-0.01711699366569519,"w":0.9493923187255859},"size":7.608323097229004,"orthographic":false}