{"cameraMode":{"drawMode":0,"name":"Shaded","section":"Shading Mode"},"sceneLighting":true,"audioPlay":false,"sceneViewState":{"showFog":false,"showMaterialUpdate":false,"showSkybox":true,"showFlares":true,"showImageEffects":true,"showParticleSystems":true},"in2DMode":false,"pivot":{"x":70.0836410522461,"y":24.182958602905275,"z":30.171945571899415},"rotation":{"x":0.010710950009524823,"y":0.9840547442436218,"z":-0.16336382925510407,"w":0.07363665848970413},"size":23.432710647583009,"orthographic":false}