{"cameraMode":{"drawMode":0,"name":"Shaded","section":"Shading Mode"},"sceneLighting":true,"audioPlay":false,"sceneViewState":{"showFog":false,"showMaterialUpdate":false,"showSkybox":true,"showFlares":true,"showImageEffects":true,"showParticleSystems":true},"in2DMode":false,"pivot":{"x":-14.968400955200196,"y":2.5852296352386476,"z":17.182884216308595},"rotation":{"x":-0.005810053087770939,"y":0.22545292973518372,"z":-0.0002539644774515182,"w":-0.974467933177948},"size":33.70789337158203,"orthographic":false}