{"cameraMode":{"drawMode":0,"name":"Shaded","section":"Shading Mode"},"sceneLighting":false,"audioPlay":false,"sceneViewState":{"showFog":false,"showMaterialUpdate":false,"showSkybox":false,"showFlares":true,"showImageEffects":true,"showParticleSystems":true},"in2DMode":false,"pivot":{"x":7.0520524978637699,"y":-0.6262920498847961,"z":-16.584571838378908},"rotation":{"x":0.22272884845733643,"y":0.6978526711463928,"z":-0.25015437602996828,"w":0.633695662021637},"size":9.536154747009278,"orthographic":false}