{"cameraMode":{"drawMode":0,"name":"Shaded","section":"Shading Mode"},"sceneLighting":true,"audioPlay":false,"sceneViewState":{"showFog":false,"showMaterialUpdate":false,"showSkybox":true,"showFlares":true,"showImageEffects":true,"showParticleSystems":true},"in2DMode":false,"pivot":{"x":13.642998695373536,"y":-0.7176399230957031,"z":-13.237939834594727},"rotation":{"x":-0.14825940132141114,"y":-0.5992624163627625,"z":0.11448777467012406,"w":-0.7785371541976929},"size":13.819870948791504,"orthographic":false}