{"cameraMode":{"drawMode":0,"name":"Shaded","section":"Shading Mode"},"sceneLighting":true,"audioPlay":false,"sceneViewState":{"showFog":false,"showMaterialUpdate":false,"showSkybox":true,"showFlares":true,"showImageEffects":true,"showParticleSystems":true},"in2DMode":false,"pivot":{"x":184.8351287841797,"y":-7.608024597167969,"z":699.9907836914063},"rotation":{"x":0.04784774035215378,"y":0.07545684278011322,"z":-0.0036124337930232288,"w":0.9960209727287293},"size":810.8026733398438,"orthographic":false}