{"cameraMode":{"drawMode":0,"name":"Shaded","section":"Shading Mode"},"sceneLighting":true,"audioPlay":false,"sceneViewState":{"showFog":false,"showMaterialUpdate":false,"showSkybox":true,"showFlares":true,"showImageEffects":true,"showParticleSystems":true},"in2DMode":false,"pivot":{"x":4.516908645629883,"y":4.339122295379639,"z":5.225979804992676},"rotation":{"x":0.04396488144993782,"y":0.9224171042442322,"z":-0.11071356385946274,"w":0.36761173605918887},"size":2.8578836917877199,"orthographic":false}