{"cameraMode":{"drawMode":0,"name":"Shaded","section":"Shading Mode"},"sceneLighting":true,"audioPlay":false,"sceneViewState":{"showFog":false,"showMaterialUpdate":false,"showSkybox":true,"showFlares":true,"showImageEffects":true,"showParticleSystems":true},"in2DMode":false,"pivot":{"x":13.495444297790528,"y":-5.382960319519043,"z":-26.742456436157228},"rotation":{"x":-0.05769719183444977,"y":-0.9227762222290039,"z":0.15253816545009614,"w":-0.34927400946617129},"size":28.188873291015626,"orthographic":false}