{"cameraMode":{"drawMode":0,"name":"Shaded","section":"Shading Mode"},"sceneLighting":true,"audioPlay":false,"sceneViewState":{"showFog":false,"showMaterialUpdate":false,"showSkybox":true,"showFlares":true,"showImageEffects":true,"showParticleSystems":true},"in2DMode":false,"pivot":{"x":-3.368995189666748,"y":0.20037841796875,"z":-21.58659553527832},"rotation":{"x":-0.006295555271208286,"y":-0.9893207550048828,"z":0.1371721774339676,"w":-0.05327332764863968},"size":10.95861530303955,"orthographic":false}