{"cameraMode":{"drawMode":0,"name":"Shaded","section":"Shading Mode"},"sceneLighting":true,"audioPlay":false,"sceneViewState":{"showFog":false,"showMaterialUpdate":false,"showSkybox":true,"showFlares":true,"showImageEffects":true,"showParticleSystems":true},"in2DMode":false,"pivot":{"x":13.476162910461426,"y":-0.3143300414085388,"z":-7.725000381469727},"rotation":{"x":0.03017052263021469,"y":0.7829758524894714,"z":-0.04078591242432594,"w":0.6202976107597351},"size":22.0,"orthographic":false}